"name","location","gps_coordinates","max_radioactivity","source_url","reading_source"
"""Le Redoutable"" ein ehemaliges Atom_U-Boot im Museum in Cherbourg/Fr","""Le Redoutable"" ein ehemaliges Atom_U-Boot im Museum in Cherbourg/Fr","49.6425343,-1.6249565","-","https://www.geigerzaehlerforum.de/index.php/topic,2905.0.html",""
"30 Jahre danach","30 Jahre danach","49.432612,8.648025","-","https://www.geigerzaehlerforum.de/index.php/topic,193.0.html",""
"Abertamy (Abertham) / Karlovy Vary","Abertamy (Abertham) / Karlovy Vary","50.368744,12.81826","0.3 uSv/h","https://www.geigerzaehlerforum.de/index.php/topic,2804.0.html","text"
"Aktivität in Quellen und Kalktuffen in Karlsbad","Aktivität in Quellen und Kalktuffen in Karlsbad","50.3676845,12.9159498","1.0 uSv/h","https://www.geigerzaehlerforum.de/index.php/topic,2342.0.html",""
"AKWs in EUROPA","AKWs in EUROPA","-22.367401,40.346242","-","https://www.geigerzaehlerforum.de/index.php/topic,203.0.html",""
"Atom Fuel Firma bei Aschaffenbrug","Atom Fuel Firma bei Aschaffenbrug","49.9706701,9.1384857","-","https://www.geigerzaehlerforum.de/index.php/topic,284.0.html",""
"Atombombenexplosionen Weltweit visualisiert","Atombombenexplosionen Weltweit visualisiert","48.235353,16.4171882","0.2 uSv/h","https://www.geigerzaehlerforum.de/index.php/topic,245.0.html","text"
"Atom-Ei Garching bei München","Atom-Ei Garching bei München","48.247139,11.663704","-","https://www.geigerzaehlerforum.de/index.php/topic,1727.0.html",""
"Atommuseum/Atomkeller Haigerloch.","Atommuseum/Atomkeller Haigerloch.","48.367097,8.803982","0.25 uSv/h","https://www.geigerzaehlerforum.de/index.php/topic,949.0.html","text-auto"
"atommuzeum.cz : voraussichtlich ab 19.10. geöffnet...","atommuzeum.cz : voraussichtlich ab 19.10. geöffnet...","50.0864234,14.4156772","-","https://www.geigerzaehlerforum.de/index.php/topic,2454.0.html",""
"Autobahn A4 im Bereich Hainichen, Berbersdorf und Nossen","Autobahn A4 im Bereich Hainichen, Berbersdorf und Nossen","51.041517,13.29507","0.35 uSv/h","https://www.geigerzaehlerforum.de/index.php/topic,163.0.html","text"
"AVR Jülich","AVR Jülich","41.588359,-93.601316","1 uSv/h","https://www.geigerzaehlerforum.de/index.php/topic,2183.0.html",""
"B14 zwischen Gebenbach und Hirschau","B14 zwischen Gebenbach und Hirschau","49.5371912,11.902496","0.34 uSv/h","https://www.geigerzaehlerforum.de/index.php/topic,3134.0.html",""
"Bahnhof Zwickau (""Zwickau (Sachs) Hbf"")","Bahnhof Zwickau (""Zwickau (Sachs) Hbf"")","50.714411,12.474516","0.2 uSv/h","https://www.geigerzaehlerforum.de/index.php/topic,2148.0.html","text"
"Băița Uranmine - Bezirk Bihor, Rumänien","Băița Uranmine - Bezirk Bihor, Rumänien","45.985213,24.685923","5 uSv/h","https://www.geigerzaehlerforum.de/index.php/topic,2996.0.html",""
"Bericht der japanischen Regierung zu den Aufräumarbeiten in Fukushima","Bericht der japanischen Regierung zu den Aufräumarbeiten in Fukushima","37.760777,140.474581","-","https://www.geigerzaehlerforum.de/index.php/topic,1724.0.html",""
"Berlin-Victoriastadt: Kaskelstraße","Berlin-Victoriastadt: Kaskelstraße","52.504526,13.479686","0.6 uSv/h","https://www.geigerzaehlerforum.de/index.php/topic,2973.0.html",""
"Block IV - Pressearbeit 1986","Block IV - Pressearbeit 1986","53.341065,-6.270227","-","https://www.geigerzaehlerforum.de/index.php/topic,329.0.html",""
"Brunnen Tannenbergsthal","Brunnen Tannenbergsthal","50.438061,12.461773","0.7 uSv/h","https://www.geigerzaehlerforum.de/index.php/topic,2921.0.html","text"
"Büros der Uni Wien verstrahlt/k.k. Montan-Verkaufsamt","Büros der Uni Wien verstrahlt/k.k. Montan-Verkaufsamt","48.221986,16.360335","-","https://www.geigerzaehlerforum.de/index.php/topic,1200.0.html",""
"Carl Auer von Welsbach und sein Beitrag zur frühen Radioaktivitätsforschung","Carl Auer von Welsbach und sein Beitrag zur frühen Radioaktivitätsforschung","46.875438,14.4739411","-","https://www.geigerzaehlerforum.de/index.php/topic,2736.0.html",""
"Church Rock (New Mexico), USA","Church Rock (New Mexico), USA","35.536897,-108.632303","-","https://www.geigerzaehlerforum.de/index.php/topic,1067.0.html",""
"Cold War Museum Berlin","Cold War Museum Berlin","38.743055,-77.676415","-","https://www.geigerzaehlerforum.de/index.php/topic,1717.0.html",""
"Coschütz-Gittersee","Coschütz-Gittersee","51.017775,13.700271","0.4 uSv/h","https://www.geigerzaehlerforum.de/index.php/topic,1950.0.html",""
"Crossen: Altarm Mulde","Crossen: Altarm Mulde","50.756534,12.479289","1 uSv/h","https://www.geigerzaehlerforum.de/index.php/topic,1620.0.html","text"
"Dalgety Bay (Schottland)","Dalgety Bay (Schottland)","56.042273,-3.367249","-","https://www.geigerzaehlerforum.de/index.php/topic,1350.0.html",""
"Das toxische Erbe der Chemie: Düngemittelfabrik in Crotone Kalabrien (Italien)","Das toxische Erbe der Chemie: Düngemittelfabrik in Crotone Kalabrien (Italien)","39.266631,16.70785","0.3 uSv/h","https://www.geigerzaehlerforum.de/index.php/topic,2717.0.html",""
"Das Wetterprojekt in Schneeberg/Erzgebirge","Das Wetterprojekt in Schneeberg/Erzgebirge","50.5967627,12.6400728","-","https://www.geigerzaehlerforum.de/index.php/topic,2786.0.html",""
"DAYTON - National Museum of the United States Air Force 2016","DAYTON - National Museum of the United States Air Force 2016","39.780224,-84.108072","3.5 uSv/h","https://www.geigerzaehlerforum.de/index.php/topic,2232.0.html","text"
"Deponie IAA Dänkritz II","Deponie IAA Dänkritz II","0.205,0.2186","3.7 uSv/h","https://www.geigerzaehlerforum.de/index.php/topic,9.0.html","text"
"Der Goiânia-Unfall (Parque Estadual Telma Ortegal in Brasilien)","Der Goiânia-Unfall (Parque Estadual Telma Ortegal in Brasilien)","-16.754414,-49.423804","-","https://www.geigerzaehlerforum.de/index.php/topic,1035.0.html",""
"Der Ottofelsen und das Thumkuhlental","Der Ottofelsen und das Thumkuhlental","51.796895,10.7119185","0.45 uSv/h","https://www.geigerzaehlerforum.de/index.php/topic,1744.0.html","text"
"Der schlechte Atem der Erde...","Der schlechte Atem der Erde...","48.8343018,8.8789638","0.667 uSv/h","https://www.geigerzaehlerforum.de/index.php/topic,2493.0.html","text"
"Der Silvertbach in Marl, Nordrhein-Westfalen","Der Silvertbach in Marl, Nordrhein-Westfalen","51.666665,7.159691","1.6 uSv/h","https://www.geigerzaehlerforum.de/index.php/topic,811.0.html","text"
"Deutsches Technikmuseum","Deutsches Technikmuseum","52.497181,13.375929","0.6 uSv/h","https://www.geigerzaehlerforum.de/index.php/topic,2559.0.html",""
"Die Porzellanfabrik von Christian Fischer in Zwickau","Die Porzellanfabrik von Christian Fischer in Zwickau","50.718504,12.493927","2 uSv/h","https://www.geigerzaehlerforum.de/index.php/topic,38.0.html",""
"Die Referenzflächen der WISMUT Reust bei Ronneburg","Die Referenzflächen der WISMUT Reust bei Ronneburg","50.838821,12.180143","10 uSv/h","https://www.geigerzaehlerforum.de/index.php/topic,1161.0.html","text"
"Doku: Die Schlacht von Tschernobyl","Doku: Die Schlacht von Tschernobyl","48.778582,9.179858","-","https://www.geigerzaehlerforum.de/index.php/topic,670.0.html",""
"Donnersbergkreis","Donnersbergkreis","49.639283,7.910429","0.4 uSv/h","https://www.geigerzaehlerforum.de/index.php/topic,1668.0.html",""
"Dorfstraße im Landkreis Zwickau","Dorfstraße im Landkreis Zwickau","50.680624,12.350021","10 uSv/h","https://www.geigerzaehlerforum.de/index.php/topic,157.0.html","text"
"Dosis auf der ISS und  Nord- bzw. Südpol?","Dosis auf der ISS und  Nord- bzw. Südpol?","48.2347529,16.4183882","0.104 uSv/h","https://www.geigerzaehlerforum.de/index.php/topic,2535.0.html","text"
"Dresden Freital","Dresden Freital","51.014651,13.643744","10 uSv/h","https://www.geigerzaehlerforum.de/index.php/topic,782.0.html","text"
"Dresden Freital - Erdmuthenschacht(halde)","Dresden Freital - Erdmuthenschacht(halde)","59.068056,11.537191","2 uSv/h","https://www.geigerzaehlerforum.de/index.php/topic,2665.0.html","text"
"Dresden Freital - Rosinaschacht","Dresden Freital - Rosinaschacht","51.006614,13.651196","12.7 uSv/h","https://www.geigerzaehlerforum.de/index.php/topic,1963.0.html","text"
"ehemalige Uranerzaufbereitung Seelingstädt","ehemalige Uranerzaufbereitung Seelingstädt","50.7728345,12.2418481","0.5 uSv/h","https://www.geigerzaehlerforum.de/index.php/topic,150.0.html","text"
"Ein ""strahlender"" Bau.","Ein ""strahlender"" Bau.","47.957279,9.653776","-","https://www.geigerzaehlerforum.de/index.php/topic,1226.0.html",""
"Elbmarsch Krümmel und die GKSS","Elbmarsch Krümmel und die GKSS","53.4102903,10.4095775","-","https://www.geigerzaehlerforum.de/index.php/topic,1339.0.html",""
"Exkursion nach Jachymov","Exkursion nach Jachymov","-54.718905,-68.051773","30 uSv/h","https://www.geigerzaehlerforum.de/index.php/topic,37.0.html","text"
"Fettquelle in BAD","Fettquelle in BAD","48.763404,8.242625","0.3 uSv/h","https://www.geigerzaehlerforum.de/index.php/topic,1964.0.html",""
"Florida's Radioactive Fountain","Florida's Radioactive Fountain","26.935376,-82.051223","0.3 uSv/h","https://www.geigerzaehlerforum.de/index.php/topic,1709.0.html",""
"Flugwerft Oberschleißheim","Flugwerft Oberschleißheim","48.245313,11.555857","11.7 uSv/h","https://www.geigerzaehlerforum.de/index.php/topic,3123.0.html",""
"Fort d'Aubervilliers (Paris)","Fort d'Aubervilliers (Paris)","48.914257,2.403807","-","https://www.geigerzaehlerforum.de/index.php/topic,1359.0.html",""
"Frankreich: Cs-137-Hotspots in den Alpen","Frankreich: Cs-137-Hotspots in den Alpen","44.342315,6.845905","4.5 uSv/h","https://www.geigerzaehlerforum.de/index.php/topic,1909.0.html","text"
"Frankreich: Fort de Vaujours / Polygone d'expérimentation de Moronvilliers","Frankreich: Fort de Vaujours / Polygone d'expérimentation de Moronvilliers","49.238389,4.314402","-","https://www.geigerzaehlerforum.de/index.php/topic,2581.0.html",""
"Franz. Kernwaffentestgelände in Algerien","Franz. Kernwaffentestgelände in Algerien","50.111784,8.656876","-","https://www.geigerzaehlerforum.de/index.php/topic,1253.0.html",""
"Frauenplan in Eisenach","Frauenplan in Eisenach","50.971506,10.323096","1.5 uSv/h","https://www.geigerzaehlerforum.de/index.php/topic,1070.0.html","text"
"Fußgängerzone in Wernigerode und Rundwanderweg zum Brocken","Fußgängerzone in Wernigerode und Rundwanderweg zum Brocken","51.8344172,10.7862526","","https://www.geigerzaehlerforum.de/index.php/topic,812.0.html",""
"Gallatin Towers climbing area in Montana, USA","Gallatin Towers climbing area in Montana, USA","53.983336,88.597668","0.3 uSv/h","https://www.geigerzaehlerforum.de/index.php/topic,1268.0.html","text"
"Gamma-ODL Referenzpunkt „Kapelle im Höhenpark Killesberg in Stuttgart""","Gamma-ODL Referenzpunkt „Kapelle im Höhenpark Killesberg in Stuttgart""","48.806383,9.170617","0.63 uSv/h","https://www.geigerzaehlerforum.de/index.php/topic,1960.0.html","text"
"Gamma-ODL Referenzpunkt Esslingen","Gamma-ODL Referenzpunkt Esslingen","48.74308,9.30553","0.505 uSv/h","https://www.geigerzaehlerforum.de/index.php/topic,2182.0.html","text"
"Gamma-ODL Referenzstrecke „Königstraße in Stuttgart""","Gamma-ODL Referenzstrecke „Königstraße in Stuttgart""","48.782312,9.181818","10 uSv/h","https://www.geigerzaehlerforum.de/index.php/topic,1972.0.html","text"
"Geologische Karte von Tschechien","Geologische Karte von Tschechien","49.751838,6.675413","-","https://www.geigerzaehlerforum.de/index.php/topic,1781.0.html",""
"Geschichts-Drama 'Chernobyl' (GB/USA) auf SKY","Geschichts-Drama 'Chernobyl' (GB/USA) auf SKY","51.601954,-0.194003","36 uSv/h","https://www.geigerzaehlerforum.de/index.php/topic,119.0.html","text-auto"
"Gleesbergquelle im Gesundheitsbad ACTINON in Bad Schlema","Gleesbergquelle im Gesundheitsbad ACTINON in Bad Schlema","50.60248,12.666563","0.34 uSv/h","https://www.geigerzaehlerforum.de/index.php/topic,20.0.html","text"
"Granit an der Fillgraderstiege im 6. Bezirk","Granit an der Fillgraderstiege im 6. Bezirk","49.50575,8.635042","2.33 uSv/h","https://www.geigerzaehlerforum.de/index.php/topic,2738.0.html",""
"Grube Wolfach","Grube Wolfach","48.379738,8.228512","1.2 uSv/h","https://www.geigerzaehlerforum.de/index.php/topic,972.0.html","text"
"Grüsse aus Autun","Grüsse aus Autun","48.368131,10.899707","0.61 uSv/h","https://www.geigerzaehlerforum.de/index.php/topic,910.0.html","text"
"Halde Schacht 333","Halde Schacht 333","50.506301,12.758910","100 uSv/h","https://www.geigerzaehlerforum.de/index.php/topic,3146.0.html","text"
"Halde Stolzenberg","Halde Stolzenberg","50.8662249106428,12.228598594665527","5 uSv/h","https://www.geigerzaehlerforum.de/index.php/topic,2728.0.html","text"
"Haldenlandschaft Mansfeld-Südharz","Haldenlandschaft Mansfeld-Südharz","51.49440,11.28613","0.15 uSv/h","https://www.geigerzaehlerforum.de/index.php/topic,1775.0.html","text"
"Hamburg","Hamburg","53.550172,10.001317","1 uSv/h","https://www.geigerzaehlerforum.de/index.php/topic,1524.0.html","text"
"Hamburg: Strahlendes Karolinenviertel","Hamburg: Strahlendes Karolinenviertel","53.558448,9.97267","1 uSv/h","https://www.geigerzaehlerforum.de/index.php/topic,825.0.html","text"
"Hanford Site","Hanford Site","46.532849,-119.493108","-","https://www.geigerzaehlerforum.de/index.php/topic,1014.0.html",""
"HAZMAT radioactive pieces from inside Chernobyl reactor 4!","HAZMAT radioactive pieces from inside Chernobyl reactor 4!","51.3076238,29.8984972","-","https://www.geigerzaehlerforum.de/index.php/topic,943.0.html",""
"Heeresversuchsanstalt Kummersdorf, Versuchsstelle Gottow: ""Uranmaschine""","Heeresversuchsanstalt Kummersdorf, Versuchsstelle Gottow: ""Uranmaschine""","52.084696,13.302543","20 uSv/h","https://www.geigerzaehlerforum.de/index.php/topic,164.0.html","text"
"heise.de: Tschernobyl strahlt weiter: Deutsche Experten messen in Sperrzone","heise.de: Tschernobyl strahlt weiter: Deutsche Experten messen in Sperrzone","50.151223,8.863059","-","https://www.geigerzaehlerforum.de/index.php/topic,836.0.html",""
"Helmholtz Zentrum Dresden-Rossendorf (HZDR)","Helmholtz Zentrum Dresden-Rossendorf (HZDR)","51.061959,13.951296","-","https://www.geigerzaehlerforum.de/index.php/topic,527.0.html",""
"Hessen ( Frankfurt am Main)","Hessen ( Frankfurt am Main)","50.106654,8.662581","1.3 uSv/h","https://www.geigerzaehlerforum.de/index.php/topic,2964.0.html",""
"Hessen, Kasseler Rathaus","Hessen, Kasseler Rathaus","51.178155,9.367427","0.8 uSv/h","https://www.geigerzaehlerforum.de/index.php/topic,2660.0.html","text"
"Hessen, vorderer Odenwald, Steinbruch Mackenheim","Hessen, vorderer Odenwald, Steinbruch Mackenheim","49.569066,8.781677","-","https://www.geigerzaehlerforum.de/index.php/topic,2100.0.html",""
"Hessen?","Hessen?","50.608065,9.028465","-","https://www.geigerzaehlerforum.de/index.php/topic,749.0.html",""
"Hinweise auf Th- und Seltenerdmetalle rund um Nagy-Kopasz, Budapest","Hinweise auf Th- und Seltenerdmetalle rund um Nagy-Kopasz, Budapest","47.48139,19.145772","10 uSv/h","https://www.geigerzaehlerforum.de/index.php/topic,3130.0.html","text"
"Holland Roermond","Holland Roermond","51.193647,5.987185","0.95 uSv/h","https://www.geigerzaehlerforum.de/index.php/topic,217.0.html","text"
"Hörschbachschlucht - Murrhardt","Hörschbachschlucht - Murrhardt","48.971026,9.553396","1.5 uSv/h","https://www.geigerzaehlerforum.de/index.php/topic,2567.0.html","text"
"Hotspot Halde 371 Hartenstein","Hotspot Halde 371 Hartenstein","50.63087,12.69338","5.14 uSv/h","https://www.geigerzaehlerforum.de/index.php/topic,8.0.html",""
"Hotspots am Schacht 277 in Zobes","Hotspots am Schacht 277 in Zobes","50.509792,12.254583","80 uSv/h","https://www.geigerzaehlerforum.de/index.php/topic,93.0.html","text"
"Hotspots im Ronneburger Forst","Hotspots im Ronneburger Forst","50.837184,12.1847353","2.22 uSv/h","https://www.geigerzaehlerforum.de/index.php/topic,94.0.html",""
"Hubertusquelle Thale","Hubertusquelle Thale","48.769174,10.068061","-","https://www.geigerzaehlerforum.de/index.php/topic,1171.0.html",""
"IAA 'Hakenkrümme' bei Aue","IAA 'Hakenkrümme' bei Aue","-36.764376,174.76636","2 uSv/h","https://www.geigerzaehlerforum.de/index.php/topic,89.0.html",""
"Impressum","Impressum","50.468906,7.235239","-","https://www.geigerzaehlerforum.de/index.php/topic,62.0.html",""
"Interessante Orte in Dänemark ?","Interessante Orte in Dänemark ?","55.752047,8.224464","1.333 uSv/h","https://www.geigerzaehlerforum.de/index.php/topic,1419.0.html","text"
"Johanngeorgenstadt Friedrich-August-Stollen","Johanngeorgenstadt Friedrich-August-Stollen","50.447627,12.729794","4 uSv/h","https://www.geigerzaehlerforum.de/index.php/topic,408.0.html","text"
"Johanngeorgenstadt, Wittigsthalstraße","Johanngeorgenstadt, Wittigsthalstraße","50.430691,12.73113","0.3 uSv/h","https://www.geigerzaehlerforum.de/index.php/topic,1178.0.html",""
"Kali-Bergwerk Sondershausen (Besucherbergwerk)","Kali-Bergwerk Sondershausen (Besucherbergwerk)","51.389366,10.838670","1 uSv/h","https://www.geigerzaehlerforum.de/index.php/topic,1769.0.html","text"
"Karolastraße in Plauen","Karolastraße in Plauen","50.50785,12.138675","0.7 uSv/h","https://www.geigerzaehlerforum.de/index.php/topic,357.0.html","text"
"Karten der weltweiten Uran- und Thorium-Vorkommen","Karten der weltweiten Uran- und Thorium-Vorkommen","48.2342529,16.4169882","0.3 uSv/h","https://www.geigerzaehlerforum.de/index.php/topic,1390.0.html","text"
"KIT Campus Nord (Karlsruhe)","KIT Campus Nord (Karlsruhe)","49.090728,8.428539","0.15 uSv/h","https://www.geigerzaehlerforum.de/index.php/topic,719.0.html","text"
"KKW Lubmin","KKW Lubmin","54.099890,13.695756","-","https://www.geigerzaehlerforum.de/index.php/topic,45.0.html",""
"KKW Rheinsberg","KKW Rheinsberg","53.144494,12.9545","5 uSv/h","https://www.geigerzaehlerforum.de/index.php/topic,398.0.html","text"
"Kkw Saporischschja / Ukraine","Kkw Saporischschja / Ukraine","47.850786,35.118287","-","https://www.geigerzaehlerforum.de/index.php/topic,1606.0.html",""
"Königstein/Wismutgelände","Königstein/Wismutgelände","50.195133,8.462817","2 uSv/h","https://www.geigerzaehlerforum.de/index.php/topic,678.0.html","text"
"Kont. Kontrollen an Sperrzone Tschernobyl.","Kont. Kontrollen an Sperrzone Tschernobyl.","51.3076238,29.8984972","-","https://www.geigerzaehlerforum.de/index.php/topic,783.0.html",""
"Kristallgrotte im Erlebnisbergwerk Merkers","Kristallgrotte im Erlebnisbergwerk Merkers","50.8241612,10.1176283","0.7 uSv/h","https://www.geigerzaehlerforum.de/index.php/topic,1082.0.html","text"
"Las Vegas, Test Side, Museum, Downwinders","Las Vegas, Test Side, Museum, Downwinders","26.978483,-80.216202","-","https://www.geigerzaehlerforum.de/index.php/topic,2661.0.html",""
"Lengenfeld Polenzstraße","Lengenfeld Polenzstraße","50.570601,12.38103","0.2 uSv/h","https://www.geigerzaehlerforum.de/index.php/topic,1177.0.html",""
"Lermontovskoe U-Lagerstätte","Lermontovskoe U-Lagerstätte","44.081612,43.005623","20 uSv/h","https://www.geigerzaehlerforum.de/index.php/topic,1022.0.html",""
"Letzter Schacht der Wismut wird mit Beton verschlossen.  Stand: 20. April 2023.","Letzter Schacht der Wismut wird mit Beton verschlossen.  Stand: 20. April 2023.","15.421538,36.363258","-","https://www.geigerzaehlerforum.de/index.php/topic,1643.0.html",""
"Lindau","Lindau","54.384645,9.903427","0.2 uSv/h","https://www.geigerzaehlerforum.de/index.php/topic,2969.0.html",""
"Lomnický Štít - Hohe Tatra","Lomnický Štít - Hohe Tatra","49.195143,20.213033","4.289 uSv/h","https://www.geigerzaehlerforum.de/index.php/topic,1733.0.html","text"
"Lüneburg - Kleine Bäckerstraße","Lüneburg - Kleine Bäckerstraße","53.247823,10.408994","0.4 uSv/h","https://www.geigerzaehlerforum.de/index.php/topic,1198.0.html","text"
"Maria Skłodowska-Curie Museum Warschau/Polen","Maria Skłodowska-Curie Museum Warschau/Polen","52.251531,21.00852","-","https://www.geigerzaehlerforum.de/index.php/topic,2849.0.html",""
"Mecklenburg Vorpommern. Rostocker Museumshafen","Mecklenburg Vorpommern. Rostocker Museumshafen","54.099274,13.386221","0.6 uSv/h","https://www.geigerzaehlerforum.de/index.php/topic,2999.0.html",""
"Mehlinger Heide: Uranmunition?","Mehlinger Heide: Uranmunition?","49.487417,7.830513","-","https://www.geigerzaehlerforum.de/index.php/topic,1607.0.html",""
"Mehr als 6 Stunden zu Fuß durch die Zone, Video 8K, 2020","Mehr als 6 Stunden zu Fuß durch die Zone, Video 8K, 2020","39.256484,-105.103412","-","https://www.geigerzaehlerforum.de/index.php/topic,2431.0.html",""
"Menzenschwand Krunkelbach","Menzenschwand Krunkelbach","47.838313,8.050429","5 uSv/h","https://www.geigerzaehlerforum.de/index.php/topic,1007.0.html","text"
"Mittenwald","Mittenwald","47.441778,11.261429","0.4 uSv/h","https://www.geigerzaehlerforum.de/index.php/topic,2686.0.html",""
"Münstertal","Münstertal","46.6685,10.531607","0.28","https://www.geigerzaehlerforum.de/index.php/topic,3161.0.html",""
"Musée Curie, Paris/Frankreich","Musée Curie, Paris/Frankreich","48.844238,2.344791","3 uSv/h","https://www.geigerzaehlerforum.de/index.php/topic,1929.0.html",""
"Museum Uranbergbau in Bad Schlema","Museum Uranbergbau in Bad Schlema","50.600071,12.67476","50 uSv/h","https://www.geigerzaehlerforum.de/index.php/topic,2384.0.html","text"
"Naturhistorisches Museum Wien","Naturhistorisches Museum Wien","48.205269,16.359755","1 uSv/h","https://www.geigerzaehlerforum.de/index.php/topic,2893.0.html","text"
"Neues Kernenergiemuseum nahe Prag","Neues Kernenergiemuseum nahe Prag","50.0864234,14.4156772","-","https://www.geigerzaehlerforum.de/index.php/topic,3115.0.html",""
"Neutronenquelle in Berlin Karlshorst","Neutronenquelle in Berlin Karlshorst","52.482451,13.533062","-","https://www.geigerzaehlerforum.de/index.php/topic,3150.0.html",""
"Nuklearunfall von Palomares (Spanien)","Nuklearunfall von Palomares (Spanien)","37.244021,-1.812965","-","https://www.geigerzaehlerforum.de/index.php/topic,1028.0.html",""
"ODL Großherrischwand","ODL Großherrischwand","47.681354,8.007872","-","https://www.geigerzaehlerforum.de/index.php/topic,2477.0.html",""
"Oranienburg","Oranienburg","52.743001,13.222016","70 uSv/h","https://www.geigerzaehlerforum.de/index.php/topic,168.0.html","text"
"ORF-Doku: Die unsichtbare Gefahr - Willkommen in Tschernobyl","ORF-Doku: Die unsichtbare Gefahr - Willkommen in Tschernobyl","49.282569,7.118741","-","https://www.geigerzaehlerforum.de/index.php/topic,335.0.html",""
"Örsi-Hügel, Balaton, Ungarn","Örsi-Hügel, Balaton, Ungarn","46.813132,17.527842","10 uSv/h","https://www.geigerzaehlerforum.de/index.php/topic,3036.0.html","text"
"Osjorsk-Kyschtym-Kombinat Majak-Tetscha-Karatschai See-","Osjorsk-Kyschtym-Kombinat Majak-Tetscha-Karatschai See-","54.8560272,57.1402678","5 uSv/h","https://www.geigerzaehlerforum.de/index.php/topic,1066.0.html","text"
"Österreich - Waldviertel","Österreich - Waldviertel","48.500856,15.381228","0.8 uSv/h","https://www.geigerzaehlerforum.de/index.php/topic,878.0.html","text"
"Österreich: Bodenbelastung durch Cs-137.","Österreich: Bodenbelastung durch Cs-137.","52.335451,5.316374","-","https://www.geigerzaehlerforum.de/index.php/topic,1915.0.html",""
"OT: Radium Palace als hotel?","OT: Radium Palace als hotel?","37.279397,14.992366","-","https://www.geigerzaehlerforum.de/index.php/topic,796.0.html",""
"Oybin","Oybin","50.842086,14.74301","-","https://www.geigerzaehlerforum.de/index.php/topic,3045.0.html",""
"Palaisplatz in Dresden","Palaisplatz in Dresden","51.060951,13.739162","0.8 uSv/h","https://www.geigerzaehlerforum.de/index.php/topic,2287.0.html","text"
"Polizeifachschule Schneeberg/Erzgebirge","Polizeifachschule Schneeberg/Erzgebirge","50.574607,12.622817","-","https://www.geigerzaehlerforum.de/index.php/topic,3118.0.html",""
"Pribram","Pribram","49.690144,14.010366","5 uSv/h","https://www.geigerzaehlerforum.de/index.php/topic,321.0.html","text"
"Privates Mineralienmuseum in Mähring","Privates Mineralienmuseum in Mähring","-23.781356,-53.335289","167","https://www.geigerzaehlerforum.de/index.php/topic,2911.0.html",""
"Quellen des Fallouts zwischen 1960 und 2009 in sechs EU-Ländern","Quellen des Fallouts zwischen 1960 und 2009 in sechs EU-Ländern","50.596412,6.676813","-","https://www.geigerzaehlerforum.de/index.php/topic,1891.0.html",""
"Quellen mit Uran, Radium und Radon","Quellen mit Uran, Radium und Radon","50.04988,12.56552","5 uSv/h","https://www.geigerzaehlerforum.de/index.php/topic,1765.0.html","text"
"Radioaktive Schwermineralsände am Strand von L`Espiguette (Camargue, Frankreich)","Radioaktive Schwermineralsände am Strand von L`Espiguette (Camargue, Frankreich)","45.350509050307856,36.46982817211595","1.8 uSv/h","https://www.geigerzaehlerforum.de/index.php/topic,1231.0.html",""
"RADIONUKLIDE IN GRUNDWÄSSERN, GESTEINEN UND BACHSEDIMENTEN ÖSTERREICHS","RADIONUKLIDE IN GRUNDWÄSSERN, GESTEINEN UND BACHSEDIMENTEN ÖSTERREICHS","48.090573,13.21491","-","https://www.geigerzaehlerforum.de/index.php/topic,2459.0.html",""
"Radiumbrunnen Baden-Baden.","Radiumbrunnen Baden-Baden.","48.768599,8.254253","-","https://www.geigerzaehlerforum.de/index.php/topic,1739.0.html",""
"Radium-Quelle Břetislav bei Plesna (Radonquelle)","Radium-Quelle Břetislav bei Plesna (Radonquelle)","50.206349732743156,12.340415965606706","0.14 uSv/h","https://www.geigerzaehlerforum.de/index.php/topic,2517.0.html",""
"Radiumquelle Crinitzberg","Radiumquelle Crinitzberg","50.570441,12.504933","","https://www.geigerzaehlerforum.de/index.php/topic,11.0.html",""
"Radiumquelle Hartmannsdorf","Radiumquelle Hartmannsdorf","50.593299,12.547904","","https://www.geigerzaehlerforum.de/index.php/topic,368.0.html",""
"Radiumquelle Rautenkranz","Radiumquelle Rautenkranz","50.457151,12.489735","","https://www.geigerzaehlerforum.de/index.php/topic,112.0.html",""
"Radiumquelle Rodaborn","Radiumquelle Rodaborn","50.759533,11.870750","","https://www.geigerzaehlerforum.de/index.php/topic,820.0.html",""
"Radiumquelle Stecklenberg/Harz","Radiumquelle Stecklenberg/Harz","51.729088,11.089737","","https://www.geigerzaehlerforum.de/index.php/topic,396.0.html",""
"Radiumquelle Steinbachtal bei Klingenthal","Radiumquelle Steinbachtal bei Klingenthal","50.394167,12.482028","0.18 uSv/h","https://www.geigerzaehlerforum.de/index.php/topic,31.0.html","text"
"Radiumquelle Thierberg","Radiumquelle Thierberg","50.442283,12.438728","0.42 uSv/h","https://www.geigerzaehlerforum.de/index.php/topic,12.0.html","text"
"Radiumquelle Wildbach im Poppenwald","Radiumquelle Wildbach im Poppenwald","50.63115,12.669761","","https://www.geigerzaehlerforum.de/index.php/topic,402.0.html",""
"Radiumquelle Wunderthausen","Radiumquelle Wunderthausen","51.11296,8.540555","","https://www.geigerzaehlerforum.de/index.php/topic,480.0.html",""
"Radiumquelle Zell am Harmersbach","Radiumquelle Zell am Harmersbach","48.361764,8.066845","","https://www.geigerzaehlerforum.de/index.php/topic,1197.0.html",""
"Radonhaltige Quelle in Berga","Radonhaltige Quelle in Berga","42.101146,1.845476","0.8 uSv/h","https://www.geigerzaehlerforum.de/index.php/topic,25.0.html","text"
"Radonstollen Bad Kreuznach","Radonstollen Bad Kreuznach","49.8395,7.8514","","https://www.geigerzaehlerforum.de/index.php/topic,1617.0.html",""
"Ramsar Iran","Ramsar Iran","36.842139,50.587302","5 uSv/h","https://www.geigerzaehlerforum.de/index.php/topic,1501.0.html","text"
"Reise mit privatem Guide nach Chernobyl/Pripjat April/Mai 2020","Reise mit privatem Guide nach Chernobyl/Pripjat April/Mai 2020","51.408148,30.0644729","1000 uSv/h","https://www.geigerzaehlerforum.de/index.php/topic,170.0.html","text-auto"
"Reise nach Osteuropa","Reise nach Osteuropa","50.7637845,15.8460054","5 uSv/h","https://www.geigerzaehlerforum.de/index.php/topic,1755.0.html","text"
"Revier Zobes Schacht 294?","Revier Zobes Schacht 294?","50.498313,12.254644","5 uSv/h","https://www.geigerzaehlerforum.de/index.php/topic,1734.0.html","text"
"Rotschlammdeponie Stade","Rotschlammdeponie Stade","53.64060,9.41903","0.2 uSv/h","https://www.geigerzaehlerforum.de/index.php/topic,1691.0.html","text"
"Rožná / Bukov Uran Minen","Rožná / Bukov Uran Minen","48.702559,20.506388","","https://www.geigerzaehlerforum.de/index.php/topic,1958.0.html",""
"Sanierung Collmberghalde bei Freital","Sanierung Collmberghalde bei Freital","51.016265,13.6530329","0.667 uSv/h","https://www.geigerzaehlerforum.de/index.php/topic,1024.0.html","text"
"S-Bahnhof Griebnitzsee","S-Bahnhof Griebnitzsee","52.394878,13.128428","","https://www.geigerzaehlerforum.de/index.php/topic,2698.0.html",""
"Schacht 235 ""Weißer Hirsch"" bei Antonsthal","Schacht 235 ""Weißer Hirsch"" bei Antonsthal","50.5024479,12.7576462","10 uSv/h","https://www.geigerzaehlerforum.de/index.php/topic,2302.0.html","text"
"Schacht 254 Streuberg / Bergen","Schacht 254 Streuberg / Bergen","60.394306,5.325919","","https://www.geigerzaehlerforum.de/index.php/topic,1805.0.html",""
"Schacht 318 bei Crandorf","Schacht 318 bei Crandorf","50.50347,12.78151","0.3 uSv/h","https://www.geigerzaehlerforum.de/index.php/topic,2107.0.html","text"
"Schacht Westende, Duisburg","Schacht Westende, Duisburg","51.49385,6.789982","1 uSv/h","https://www.geigerzaehlerforum.de/index.php/topic,2130.0.html","text"
"Schneckenstein","Schneckenstein","50.411911,12.447481","100 uSv/h","https://www.geigerzaehlerforum.de/index.php/topic,111.0.html","text"
"Schowti Wody (Жо́вті Во́ди), Ukraine","Schowti Wody (Жо́вті Во́ди), Ukraine","48.346517,33.50278","40 uSv/h","https://www.geigerzaehlerforum.de/index.php/topic,442.0.html","text"
"Schramberg und Umgebung","Schramberg und Umgebung","48.226507,8.421747","4 uSv/h","https://www.geigerzaehlerforum.de/index.php/topic,267.0.html","text"
"Schwarzachklamm","Schwarzachklamm","49.351371,11.230641","0.07 uSv/h","https://www.geigerzaehlerforum.de/index.php/topic,2486.0.html","text"
"Sellafield (Windscale) UK","Sellafield (Windscale) UK","54.424457,-3.500208","","https://www.geigerzaehlerforum.de/index.php/topic,1406.0.html",""
"Sinsheim- Technikmuseum","Sinsheim- Technikmuseum","49.238832,8.8973","","https://www.geigerzaehlerforum.de/index.php/topic,3081.0.html",""
"Site A/Plot M Disposal Site","Site A/Plot M Disposal Site","38.703406,-77.199799","","https://www.geigerzaehlerforum.de/index.php/topic,1036.0.html",""
"Sonderwaffenlager Lychen II Himmelpfort","Sonderwaffenlager Lychen II Himmelpfort","53.175127,13.282508","","https://www.geigerzaehlerforum.de/index.php/topic,920.0.html",""
"Sonderwaffenlager Vogelsang bei Zehdenick","Sonderwaffenlager Vogelsang bei Zehdenick","52.9794838,13.3348959","","https://www.geigerzaehlerforum.de/index.php/topic,953.0.html",""
"Špindlerův Mlýn (Spindlermühle) im Riesengebirge","Špindlerův Mlýn (Spindlermühle) im Riesengebirge","50.725645,15.606757","20 uSv/h","https://www.geigerzaehlerforum.de/index.php/topic,2316.0.html","text"
"Sportplatz Kleinnaundorf","Sportplatz Kleinnaundorf","50.997850,13.684667","1.2 uSv/h","https://www.geigerzaehlerforum.de/index.php/topic,721.0.html","text"
"Steinbruch bei  Hösbach","Steinbruch bei  Hösbach","52.233238,10.738495","","https://www.geigerzaehlerforum.de/index.php/topic,2079.0.html",""
"Steinbruch Jenikov Lahost","Steinbruch Jenikov Lahost","50.63087,13.758104","","https://www.geigerzaehlerforum.de/index.php/topic,165.0.html",""
"Steinbruch Knaupsholz","Steinbruch Knaupsholz","51.76774796426002,10.721872832791771","0.35 uSv/h","https://www.geigerzaehlerforum.de/index.php/topic,1463.0.html","text"
"Stolln Jägersgrün","Stolln Jägersgrün","50.4446981,12.4749101","2 uSv/h","https://www.geigerzaehlerforum.de/index.php/topic,2874.0.html","text"
"Strahlender Affe","Strahlender Affe","49.126193,10.866993","","https://www.geigerzaehlerforum.de/index.php/topic,2398.0.html",""
"Strand von Dounreay","Strand von Dounreay","29.838505,-95.656108","","https://www.geigerzaehlerforum.de/index.php/topic,616.0.html",""
"Strand von Guarapari (Brasilien)","Strand von Guarapari (Brasilien)","-23.750836,-46.745146","","https://www.geigerzaehlerforum.de/index.php/topic,1349.0.html",""
"Straße zwischen Brunn und Reuth","Straße zwischen Brunn und Reuth","50.660949,12.323088","0.8 uSv/h","https://www.geigerzaehlerforum.de/index.php/topic,946.0.html","text"
"Straße zwischen Buchwald und Limbach (Vogtland)","Straße zwischen Buchwald und Limbach (Vogtland)","50.586366,12.266571","2 uSv/h","https://www.geigerzaehlerforum.de/index.php/topic,1133.0.html","text"
"Straße zwischen Dänkritz und Lauenhain","Straße zwischen Dänkritz und Lauenhain","50.788671,12.416699","70 uSv/h","https://www.geigerzaehlerforum.de/index.php/topic,433.0.html","text"
"Straße zwischen Gosel und Frankenhausen","Straße zwischen Gosel und Frankenhausen","51.3560142,11.1005235","5 uSv/h","https://www.geigerzaehlerforum.de/index.php/topic,178.0.html","text"
"Straßendreieck bei Berga/Elster","Straßendreieck bei Berga/Elster","50.738693,12.155995","1 uSv/h","https://www.geigerzaehlerforum.de/index.php/topic,26.0.html","text"
"Stuttgarter Königstraße","Stuttgarter Königstraße","48.778242,9.178077","0.867 uSv/h","https://www.geigerzaehlerforum.de/index.php/topic,992.0.html","text"
"Suche nach Atommüllendlager in Tschechien","Suche nach Atommüllendlager in Tschechien","49.743905,15.338106","","https://www.geigerzaehlerforum.de/index.php/topic,374.0.html",""
"Sylt.","Sylt.","54.902662,8.331149","8 uSv/h","https://www.geigerzaehlerforum.de/index.php/topic,2769.0.html","text"
"Tammiku / Paldiski (Estland)","Tammiku / Paldiski (Estland)","59.349089,24.080174","","https://www.geigerzaehlerforum.de/index.php/topic,1944.0.html",""
"Tännichtgrund zwischen Meißen und Dresden","Tännichtgrund zwischen Meißen und Dresden","51.1630871,13.4704939","0.5 uSv/h","https://www.geigerzaehlerforum.de/index.php/topic,2363.0.html","text"
"Telemark Norwegen","Telemark Norwegen","59.396268,8.66266","","https://www.geigerzaehlerforum.de/index.php/topic,1819.0.html",""
"Teplitz, Burg Daubersberg","Teplitz, Burg Daubersberg","50.638446805556,13.860296222222","4 uSv/h","https://www.geigerzaehlerforum.de/index.php/topic,934.0.html","text"
"Testgelände Semipalatinsk","Testgelände Semipalatinsk","52.385716,7.311201","","https://www.geigerzaehlerforum.de/index.php/topic,1021.0.html",""
"Three Mile Island","Three Mile Island","40.153302,-76.724437","","https://www.geigerzaehlerforum.de/index.php/topic,2199.0.html",""
"Tokaimura","Tokaimura","36.458573,140.57427","","https://www.geigerzaehlerforum.de/index.php/topic,1207.0.html",""
"U-Bahnhof Potsdamer Platz","U-Bahnhof Potsdamer Platz","52.509159,13.378215","70 uSv/h","https://www.geigerzaehlerforum.de/index.php/topic,1142.0.html","text"
"Übung in radioaktiv verseuchter Zone Häuserkampf in Tschernobyl","Übung in radioaktiv verseuchter Zone Häuserkampf in Tschernobyl","51.3076238,29.8984972","","https://www.geigerzaehlerforum.de/index.php/topic,950.0.html",""
"Uranerzaufbereitungsanlage Ellweiler / Rheinland-Pfalz","Uranerzaufbereitungsanlage Ellweiler / Rheinland-Pfalz","49.615075,7.14497","0.9 uSv/h","https://www.geigerzaehlerforum.de/index.php/topic,665.0.html","text"
"Uranhaltige Halden in Wittichen-Schenkenzell in BW","Uranhaltige Halden in Wittichen-Schenkenzell in BW","48.338161,8.343435","10 uSv/h","https://www.geigerzaehlerforum.de/index.php/topic,124.0.html","text"
"Uranium City","Uranium City","59.560921,-108.483032","","https://www.geigerzaehlerforum.de/index.php/topic,2008.0.html",""
"Uranium Washington (state)","Uranium Washington (state)","47.941941,-118.0962","","https://www.geigerzaehlerforum.de/index.php/topic,1940.0.html",""
"Uranmine – Kővágószőlős, Ungarn","Uranmine – Kővágószőlős, Ungarn","46.082967,18.125067","5 uSv/h","https://www.geigerzaehlerforum.de/index.php/topic,3141.0.html","text"
"Uranversuchsabbau in Müllenbach bei Baden-Baden","Uranversuchsabbau in Müllenbach bei Baden-Baden","48.743572,8.293964","1 uSv/h","https://www.geigerzaehlerforum.de/index.php/topic,126.0.html","text"
"VEB Chemiekombinat Bitterfeld","VEB Chemiekombinat Bitterfeld","51.650423,12.289063","","https://www.geigerzaehlerforum.de/index.php/topic,2181.0.html",""
"verrückter Geigerzähler im Jonastal","verrückter Geigerzähler im Jonastal","50.8171919,10.8650508","5 uSv/h","https://www.geigerzaehlerforum.de/index.php/topic,856.0.html","text"
"Versuchslabor Stadtilm","Versuchslabor Stadtilm","50.600748,6.802732","","https://www.geigerzaehlerforum.de/index.php/topic,761.0.html",""
"Vogesen, Frankreich","Vogesen, Frankreich","48.2393,7.3390","","https://www.geigerzaehlerforum.de/index.php/topic,407.0.html",""
"Vorschläge für Prag","Vorschläge für Prag","50.102222,14.39063","","https://www.geigerzaehlerforum.de/index.php/topic,2511.0.html",""
"Wald bei Behringersdorf (Nürnberg)","Wald bei Behringersdorf (Nürnberg)","49.484541,11.201938","0.65 uSv/h","https://www.geigerzaehlerforum.de/index.php/topic,2500.0.html","text"
"Waldbrand in Tschernobyl","Waldbrand in Tschernobyl","49.282569,7.118741","1 uSv/h","https://www.geigerzaehlerforum.de/index.php/topic,322.0.html","text"
"Washout-Hotspot bei Magdeburg?","Washout-Hotspot bei Magdeburg?","52.1314783,11.6400789","","https://www.geigerzaehlerforum.de/index.php/topic,354.0.html",""
"Weinböhla: Ehemalige Radon-Quelle an der Laubenhöhe","Weinböhla: Ehemalige Radon-Quelle an der Laubenhöhe","51.566628,10.175014","0.22 uSv/h","https://www.geigerzaehlerforum.de/index.php/topic,2309.0.html","text"
"Weißenstadt ehem. Uranabbau","Weißenstadt ehem. Uranabbau","50.078919,11.886211","","https://www.geigerzaehlerforum.de/index.php/topic,732.0.html",""
"Wettinquelle in Bad Brambach","Wettinquelle in Bad Brambach","50.221737,12.299518","","https://www.geigerzaehlerforum.de/index.php/topic,21.0.html",""
"Wien: Altstandort Glühstrumpf-Fabrik Auer von Welsbach","Wien: Altstandort Glühstrumpf-Fabrik Auer von Welsbach","48.155602,16.313353","1.5 uSv/h","https://www.geigerzaehlerforum.de/index.php/topic,2730.0.html","text"
"Wiese zwischen Gauern und Wolfersdorf","Wiese zwischen Gauern und Wolfersdorf","6.019,37.866","10 uSv/h","https://www.geigerzaehlerforum.de/index.php/topic,15.0.html","text"
"Wiesenquelle in Bad Schlema","Wiesenquelle in Bad Schlema","50.594635,12.6645156","","https://www.geigerzaehlerforum.de/index.php/topic,19.0.html",""
"WISMUT-Bohrung(?) im Werdauer Wald","WISMUT-Bohrung(?) im Werdauer Wald","50.714294,12.258527","0.6 uSv/h","https://www.geigerzaehlerforum.de/index.php/topic,47.0.html","text"
"WISMUT-Schotter: DREWS-Brache in Meerane","WISMUT-Schotter: DREWS-Brache in Meerane","9.587791,76.523821","","https://www.geigerzaehlerforum.de/index.php/topic,391.0.html",""
"Wismutsee bei Steinach","Wismutsee bei Steinach","49.452815,10.275598","20 uSv/h","https://www.geigerzaehlerforum.de/index.php/topic,16.0.html","text"
"Wölsendorf (Oberpfalz)","Wölsendorf (Oberpfalz)","49.413142,12.136316","0.9 uSv/h","https://www.geigerzaehlerforum.de/index.php/topic,456.0.html","text"
"Zalesi /Javornik","Zalesi /Javornik","50.359837,16.932873","","https://www.geigerzaehlerforum.de/index.php/topic,166.0.html",""
"Zwischenlager Rossendorf (ZLR)","Zwischenlager Rossendorf (ZLR)","51.54231,14.124659","1.378 uSv/h","https://www.geigerzaehlerforum.de/index.php/topic,2936.0.html","text"
